<?xml version="1.0" encoding="UTF-8"?>
<project-private xmlns="http://www.netbeans.org/ns/project-private/1">
    <editor-bookmarks xmlns="http://www.netbeans.org/ns/editor-bookmarks/2" lastBookmarkId="0"/>
    <open-files xmlns="http://www.netbeans.org/ns/projectui-open-files/2">
        <group>
            <file>file:/C:/Users/Apollo%20Musibi/Documents/NetBeansProjects/La%20Bambino/src/Waiter.java</file>
            <file>file:/C:/Users/Apollo%20Musibi/Documents/NetBeansProjects/La%20Bambino/src/Chef.java</file>
            <file>file:/C:/Users/Apollo%20Musibi/Documents/NetBeansProjects/La%20Bambino/src/Table.java</file>
            <file>file:/C:/Users/Apollo%20Musibi/Documents/NetBeansProjects/La%20Bambino/src/Cashier.java</file>
            <file>file:/C:/Users/Apollo%20Musibi/Documents/NetBeansProjects/La%20Bambino/src/Order.java</file>
            <file>file:/C:/Users/Apollo%20Musibi/Documents/NetBeansProjects/La%20Bambino/src/Customer.java</file>
            <file>file:/C:/Users/Apollo%20Musibi/Documents/NetBeansProjects/La%20Bambino/src/Meal.java</file>
            <file>file:/C:/Users/Apollo%20Musibi/Documents/NetBeansProjects/La%20Bambino/src/login/login.java</file>
        </group>
    </open-files>
</project-private>
